fill	y	x	group	xmin	xmax	ymin	ymax
#9A9A9A	6	-1.5	-1	-1.625	-1.375	5.5	6.5
#CCCCCC	9	-1.5	-1	-1.625	-1.375	8.5	9.5
#A0A0A0	7	-1.5	-1	-1.625	-1.375	6.5	7.5
#BEBEBE	8	-1.5	-1	-1.625	-1.375	7.5	8.5
#5A5A5A	2	-1	-1	-1.125	-0.875	1.5	2.5
#9A9A9A	4	-1.75	-1	-1.875	-1.625	3.5	4.5
#5A5A5A	1	-0.75	-1	-0.875	-0.625	0.5	1.5
#515151	1	-1.5	-1	-1.625	-1.375	0.5	1.5
#585858	0	-0.5	-1	-0.625	-0.375	-0.5	0.5
#000000	0	0	-1	-0.125	0.125	-0.5	0.5
#929292	0	0.75	-1	0.625	0.875	-0.5	0.5
#3D3D3D	0	0.25	-1	0.125	0.375	-0.5	0.5
#A0A0A0	0	0.5	-1	0.375	0.625	-0.5	0.5
#7A7A7A	0	-1	-1	-1.125	-0.875	-0.5	0.5
#7D7D7D	0	-1.25	-1	-1.375	-1.125	-0.5	0.5
#6C6C6C	1	-2	-1	-2.125	-1.875	0.5	1.5
#CCCCCC	0	1	-1	0.875	1.125	-0.5	0.5
#FFFFFF	1	-4	-1	-4.125	-3.875	0.5	1.5
#969696	1	-3	-1	-3.125	-2.875	0.5	1.5
#2D2D2D	0	-0.25	-1	-0.375	-0.125	-0.5	0.5
#A0A0A0	1	-2.75	-1	-2.875	-2.625	0.5	1.5
#585858	0	-0.75	-1	-0.875	-0.625	-0.5	0.5
#737373	1	-2.25	-1	-2.375	-2.125	0.5	1.5
#CCCCCC	1	1.75	-1	1.625	1.875	0.5	1.5
#B4B4B4	0	-2	-1	-2.125	-1.875	-0.5	0.5
#BEBEBE	1	-2.5	-1	-2.625	-2.375	0.5	1.5
#FFFFFF	19	-1.75	-1	-1.875	-1.625	18.5	19.5
#CCCCCC	17	-1.5	-1	-1.625	-1.375	16.5	17.5
#CCCCCC	16	-1.5	-1	-1.625	-1.375	15.5	16.5
#7A7A7A	7	-1.25	-1	-1.375	-1.125	6.5	7.5
#CCCCCC	8	-2	-1	-2.125	-1.875	7.5	8.5
#494949	1	-1	-1	-1.125	-0.875	0.5	1.5
#A5A5A5	1	-3.25	-1	-3.375	-3.125	0.5	1.5
#525252	1	-1.25	-1	-1.375	-1.125	0.5	1.5
#A0A0A0	1	-3.75	-1	-3.875	-3.625	0.5	1.5
#A5A5A5	2	-4	-1	-4.125	-3.875	1.5	2.5
#787878	1	-3.5	-1	-3.625	-3.375	0.5	1.5
#FFFFFF	22	-1.25	-1	-1.375	-1.125	21.5	22.5
#ACACAC	15	-1	-1	-1.125	-0.875	14.5	15.5
#CCCCCC	11	-1.25	-1	-1.375	-1.125	10.5	11.5
#DEDEDE	14	-1.5	-1	-1.625	-1.375	13.5	14.5
#0D0D0D	1	-0.25	-1	-0.375	-0.125	0.5	1.5
#535353	3	-1	-1	-1.125	-0.875	2.5	3.5
#686868	1	0.5	-1	0.375	0.625	0.5	1.5
#717171	2	-1.25	-1	-1.375	-1.125	1.5	2.5
#8A8A8A	2	-2	-1	-2.125	-1.875	1.5	2.5
#666666	1	-1.75	-1	-1.875	-1.625	0.5	1.5
#7F7F7F	2	-4.25	-1	-4.375	-4.125	1.5	2.5
#ACACAC	21	-1	-1	-1.125	-0.875	20.5	21.5
#CCCCCC	17	-1	-1	-1.125	-0.875	16.5	17.5
#CCCCCC	20	-1.5	-1	-1.625	-1.375	19.5	20.5
#ACACAC	13	-1.25	-1	-1.375	-1.125	12.5	13.5
#666666	6	-0.75	-1	-0.875	-0.625	5.5	6.5
#414141	3	-0.5	-1	-0.625	-0.375	2.5	3.5
#2A2A2A	2	-0.5	-1	-0.625	-0.375	1.5	2.5
#363636	1	-0.5	-1	-0.625	-0.375	0.5	1.5
#767676	5	-1.5	-1	-1.625	-1.375	4.5	5.5
#7F7F7F	2	-1.75	-1	-1.875	-1.625	1.5	2.5
#FFFFFF	4	-3.5	-1	-3.625	-3.375	3.5	4.5
#B4B4B4	4	-2.25	-1	-2.375	-2.125	3.5	4.5
#FFFFFF	6	-4.25	-1	-4.375	-4.125	5.5	6.5
#DEDEDE	4	-3	-1	-3.125	-2.875	3.5	4.5
#DEDEDE	3	-2.75	-1	-2.875	-2.625	2.5	3.5
#BEBEBE	3	-3.25	-1	-3.375	-3.125	2.5	3.5
#CCCCCC	3	-4.75	-1	-4.875	-4.625	2.5	3.5
#A0A0A0	2	-2.25	-1	-2.375	-2.125	1.5	2.5
#ACACAC	2	-3	-1	-3.125	-2.875	1.5	2.5
#DEDEDE	24	-1.25	-1	-1.375	-1.125	23.5	24.5
#BEBEBE	18	-1	-1	-1.125	-0.875	17.5	18.5
#878787	11	-1	-1	-1.125	-0.875	10.5	11.5
#616161	6	-0.5	-1	-0.625	-0.375	5.5	6.5
#454545	2	-0.75	-1	-0.875	-0.625	1.5	2.5
#373737	3	-0.75	-1	-0.875	-0.625	2.5	3.5
#6F6F6F	3	-1.25	-1	-1.375	-1.125	2.5	3.5
#747474	2	-1.5	-1	-1.625	-1.375	1.5	2.5
#BEBEBE	3	-5	-1	-5.125	-4.875	2.5	3.5
#686868	8	-0.5	-1	-0.625	-0.375	7.5	8.5
#3B3B3B	2	-0.25	-1	-0.375	-0.125	1.5	2.5
#5F5F5F	1	0	-1	-0.125	0.125	0.5	1.5
#BEBEBE	6	0.5	-1	0.375	0.625	5.5	6.5
#FFFFFF	13	0.75	-1	0.625	0.875	12.5	13.5
#292929	1	0.25	-1	0.125	0.375	0.5	1.5
#6C6C6C	5	-1.25	-1	-1.375	-1.125	4.5	5.5
#CCCCCC	8	-1.75	-1	-1.875	-1.625	7.5	8.5
#BEBEBE	6	-1.75	-1	-1.875	-1.625	5.5	6.5
#FFFFFF	9	-2	-1	-2.125	-1.875	8.5	9.5
#828282	4	-1.5	-1	-1.625	-1.375	3.5	4.5
#A5A5A5	5	-2	-1	-2.125	-1.875	4.5	5.5
#B4B4B4	4	-2	-1	-2.125	-1.875	3.5	4.5
#ACACAC	5	-1.75	-1	-1.875	-1.625	4.5	5.5
#9A9A9A	3	-1.75	-1	-1.875	-1.625	2.5	3.5
#9A9A9A	3	-2	-1	-2.125	-1.875	2.5	3.5
#494949	4	-0.5	-1	-0.625	-0.375	3.5	4.5
#505050	4	-1	-1	-1.125	-0.875	3.5	4.5
#6C6C6C	6	-1.25	-1	-1.375	-1.125	5.5	6.5
#646464	4	-1.25	-1	-1.375	-1.125	3.5	4.5
#969696	3	-1.5	-1	-1.625	-1.375	2.5	3.5
#787878	10	-0.5	-1	-0.625	-0.375	9.5	10.5
#8E8E8E	5	-0.25	-1	-0.375	-0.125	4.5	5.5
#7D7D7D	11	-0.5	-1	-0.625	-0.375	10.5	11.5
#929292	11	-0.75	-1	-0.875	-0.625	10.5	11.5
#585858	5	-0.5	-1	-0.625	-0.375	4.5	5.5
#747474	9	-0.75	-1	-0.875	-0.625	8.5	9.5
#4E4E4E	5	-1	-1	-1.125	-0.875	4.5	5.5
#BEBEBE	7	-1.75	-1	-1.875	-1.625	6.5	7.5
#B4B4B4	6	-2	-1	-2.125	-1.875	5.5	6.5
#5E5E5E	7	-0.5	-1	-0.625	-0.375	6.5	7.5
#8E8E8E	10	-0.75	-1	-0.875	-0.625	9.5	10.5
#4A4A4A	4	-0.75	-1	-0.875	-0.625	3.5	4.5
#969696	16	-0.75	-1	-0.875	-0.625	15.5	16.5
#848484	13	-0.75	-1	-0.875	-0.625	12.5	13.5
#565656	3	-0.25	-1	-0.375	-0.125	2.5	3.5
#787878	8	-0.75	-1	-0.875	-0.625	7.5	8.5
#666666	6	-1	-1	-1.125	-0.875	5.5	6.5
#848484	7	-1	-1	-1.125	-0.875	6.5	7.5
#ACACAC	13	-0.5	-1	-0.625	-0.375	12.5	13.5
#969696	6	-0.25	-1	-0.375	-0.125	5.5	6.5
#575757	5	-0.75	-1	-0.875	-0.625	4.5	5.5
#BEBEBE	9	-1.25	-1	-1.375	-1.125	8.5	9.5
#FFFFFF	7	-2	-1	-2.125	-1.875	6.5	7.5
#9A9A9A	17	-0.75	-1	-0.875	-0.625	16.5	17.5
#CCCCCC	9	-1.75	-1	-1.875	-1.625	8.5	9.5
#878787	12	-0.75	-1	-0.875	-0.625	11.5	12.5
#696969	2	0.25	-1	0.125	0.375	1.5	2.5
#878787	14	-0.5	-1	-0.625	-0.375	13.5	14.5
#6D6D6D	4	-0.25	-1	-0.375	-0.125	3.5	4.5
#737373	7	-0.75	-1	-0.875	-0.625	6.5	7.5
#878787	8	-1.25	-1	-1.375	-1.125	7.5	8.5
#7F7F7F	18	-0.75	-1	-0.875	-0.625	17.5	18.5
#848484	14	-0.75	-1	-0.875	-0.625	13.5	14.5
#878787	15	-0.75	-1	-0.875	-0.625	14.5	15.5
#8E8E8E	12	-0.5	-1	-0.625	-0.375	11.5	12.5
#828282	9	-0.5	-1	-0.625	-0.375	8.5	9.5
#A0A0A0	19	-0.75	-1	-0.875	-0.625	18.5	19.5
#878787	3	0.5	-1	0.375	0.625	2.5	3.5
#B4B4B4	1	0.75	-1	0.625	0.875	0.5	1.5
#CCCCCC	4	0.5	-1	0.375	0.625	3.5	4.5
#696969	2	0.5	-1	0.375	0.625	1.5	2.5
#FFFFFF	2	1	-1	0.875	1.125	1.5	2.5
#878787	3	0.75	-1	0.625	0.875	2.5	3.5
#A0A0A0	3	0.25	-1	0.125	0.375	2.5	3.5
#ACACAC	5	0.5	-1	0.375	0.625	4.5	5.5
#CCCCCC	5	0.75	-1	0.625	0.875	4.5	5.5
#FFFFFF	2	0.75	-1	0.625	0.875	1.5	2.5
#CCCCCC	5	1	-1	0.875	1.125	4.5	5.5
#CCCCCC	4	1	-1	0.875	1.125	3.5	4.5
#DEDEDE	4	0.25	-1	0.125	0.375	3.5	4.5
#ACACAC	4	0.75	-1	0.625	0.875	3.5	4.5
#FFFFFF	6	1	-1	0.875	1.125	5.5	6.5
#CCCCCC	6	1.25	-1	1.125	1.375	5.5	6.5
#CCCCCC	1	1	-1	0.875	1.125	0.5	1.5
#ACACAC	20	-0.75	-1	-0.875	-0.625	19.5	20.5
#CCCCCC	15	-0.5	-1	-0.625	-0.375	14.5	15.5
#FFFFFF	7	-3	-1	-3.125	-2.875	6.5	7.5
#BEBEBE	3	-2.25	-1	-2.375	-2.125	2.5	3.5
#FFFFFF	7	-0.25	-1	-0.375	-0.125	6.5	7.5
#FFFFFF	2	-4.75	-1	-4.875	-4.625	1.5	2.5
#DEDEDE	4	-2.5	-1	-2.625	-2.375	3.5	4.5
#CCCCCC	1	1.25	-1	1.125	1.375	0.5	1.5
#FFFFFF	10	-2.75	-1	-2.875	-2.625	9.5	10.5
#FFFFFF	7	-2.25	-1	-2.375	-2.125	6.5	7.5
#ACACAC	2	-4.5	-1	-4.625	-4.375	1.5	2.5
#8E8E8E	2	-2.5	-1	-2.625	-2.375	1.5	2.5
#DEDEDE	16	-0.5	-1	-0.625	-0.375	15.5	16.5
#7D7D7D	9	-1	-1	-1.125	-0.875	8.5	9.5
#DEDEDE	6	-2.25	-1	-2.375	-2.125	5.5	6.5
#FFFFFF	9	-2.75	-1	-2.875	-2.625	8.5	9.5
#FFFFFF	2	-3.75	-1	-3.875	-3.625	1.5	2.5
#FFFFFF	5	-2.25	-1	-2.375	-2.125	4.5	5.5
#DEDEDE	23	-1	-1	-1.125	-0.875	22.5	23.5
#B4B4B4	19	-1	-1	-1.125	-0.875	18.5	19.5
#969696	8	-1	-1	-1.125	-0.875	7.5	8.5
#DEDEDE	21	-0.75	-1	-0.875	-0.625	20.5	21.5
#A5A5A5	14	-1	-1	-1.125	-0.875	13.5	14.5
#9A9A9A	12	-1	-1	-1.125	-0.875	11.5	12.5
#848484	10	-1	-1	-1.125	-0.875	9.5	10.5
#B4B4B4	2	-2.75	-1	-2.875	-2.625	1.5	2.5
#FFFFFF	25	-1.25	-1	-1.375	-1.125	24.5	25.5
#DEDEDE	23	-1.5	-1	-1.625	-1.375	22.5	23.5
#A5A5A5	16	-1.25	-1	-1.375	-1.125	15.5	16.5
#CCCCCC	10	-1.25	-1	-1.375	-1.125	9.5	10.5
#FFFFFF	20	-1.25	-1	-1.375	-1.125	19.5	20.5
#B4B4B4	20	-1	-1	-1.125	-0.875	19.5	20.5
#FFFFFF	1	1.5	-1	1.375	1.625	0.5	1.5
#FFFFFF	24	-1	-1	-1.125	-0.875	23.5	24.5
#DEDEDE	4	-2.75	-1	-2.875	-2.625	3.5	4.5
#FFFFFF	17	1	-1	0.875	1.125	16.5	17.5
#FFFFFF	3	-3	-1	-3.125	-2.875	2.5	3.5
#DEDEDE	4	-5.25	-1	-5.375	-5.125	3.5	4.5
#B4B4B4	15	-1.25	-1	-1.375	-1.125	14.5	15.5
#FFFFFF	27	-1.75	-1	-1.875	-1.625	26.5	27.5
#FFFFFF	13	-1.75	-1	-1.875	-1.625	12.5	13.5
#DEDEDE	12	-1.75	-1	-1.875	-1.625	11.5	12.5
#FFFFFF	18	-1.25	-1	-1.375	-1.125	17.5	18.5
#ACACAC	13	-1	-1	-1.125	-0.875	12.5	13.5
#CCCCCC	14	-1.25	-1	-1.375	-1.125	13.5	14.5
#DEDEDE	11	-1.5	-1	-1.625	-1.375	10.5	11.5
#ACACAC	16	-1	-1	-1.125	-0.875	15.5	16.5
#FFFFFF	4	-3.75	-1	-3.875	-3.625	3.5	4.5
#BEBEBE	22	-1	-1	-1.125	-0.875	21.5	22.5
#FFFFFF	6	-2.5	-1	-2.625	-2.375	5.5	6.5
#DEDEDE	3	-2.5	-1	-2.625	-2.375	2.5	3.5
#FFFFFF	11	-2.25	-1	-2.375	-2.125	10.5	11.5
#FFFFFF	8	-2.5	-1	-2.625	-2.375	7.5	8.5
#FFFFFF	5	-2.75	-1	-2.875	-2.625	4.5	5.5
#DEDEDE	10	-2	-1	-2.125	-1.875	9.5	10.5
#FFFFFF	9	-2.5	-1	-2.625	-2.375	8.5	9.5
#DEDEDE	7	-2.5	-1	-2.625	-2.375	6.5	7.5
#FFFFFF	14	-2.25	-1	-2.375	-2.125	13.5	14.5
#FFFFFF	14	-2.75	-1	-2.875	-2.625	13.5	14.5
#FFFFFF	8	-2.25	-1	-2.375	-2.125	7.5	8.5
#FFFFFF	18	-2	-1	-2.125	-1.875	17.5	18.5
#FFFFFF	18	-2.25	-1	-2.375	-2.125	17.5	18.5
#FFFFFF	14	-2.5	-1	-2.625	-2.375	13.5	14.5
#FFFFFF	9	-2.25	-1	-2.375	-2.125	8.5	9.5
#FFFFFF	11	-2.5	-1	-2.625	-2.375	10.5	11.5
#FFFFFF	20	-1.75	-1	-1.875	-1.625	19.5	20.5
#DEDEDE	21	-2	-1	-2.125	-1.875	20.5	21.5
#FFFFFF	17	-2	-1	-2.125	-1.875	16.5	17.5
#FFFFFF	14	-2	-1	-2.125	-1.875	13.5	14.5
#FFFFFF	15	-2.5	-1	-2.625	-2.375	14.5	15.5
#DEDEDE	10	-1.75	-1	-1.875	-1.625	9.5	10.5
#CCCCCC	18	-1.5	-1	-1.625	-1.375	17.5	18.5
#FFFFFF	13	-1.5	-1	-1.625	-1.375	12.5	13.5
#FFFFFF	17	-1.75	-1	-1.875	-1.625	16.5	17.5
#DEDEDE	21	-1.25	-1	-1.375	-1.125	20.5	21.5
#FFFFFF	19	-2	-1	-2.125	-1.875	18.5	19.5
#FFFFFF	21	-2.25	-1	-2.375	-2.125	20.5	21.5
#DEDEDE	15	-1.75	-1	-1.875	-1.625	14.5	15.5
#DEDEDE	16	-2	-1	-2.125	-1.875	15.5	16.5
#FFFFFF	21	-1.5	-1	-1.625	-1.375	20.5	21.5
#FFFFFF	24	-1.75	-1	-1.875	-1.625	23.5	24.5
#FFFFFF	23	-2	-1	-2.125	-1.875	22.5	23.5
#CCCCCC	17	-1.25	-1	-1.375	-1.125	16.5	17.5
#CCCCCC	12	-1.25	-1	-1.375	-1.125	11.5	12.5
#FFFFFF	19	-1.25	-1	-1.375	-1.125	18.5	19.5
